Identifiant produit;sous categorie 1;sous categorie 2;sous categorie 3
6357;BEACH TW;;
7206;BEACH TW;;
6358;BEACH TW;;
6359;BEACH TW;;
7211;BEACH TW;;
6820;BEACH TW;;
6794;BEACH TW;;
7883;BIG FOLDING;;
7161;BIG FOLDING;;
7882;BIG FOLDING;;
6324;BIG FOLDING;;
7881;BIG FOLDING;;
6325;BIG FOLDING;;
7117;BIG FOLDING;;
6321;BIG FOLDING;;
7868;BIG POCHETTE;;
7887;BIG POCHETTE;;
6251;;;
7888;BIG POCHETTE;;
7600;BIG POCHETTE;;
7604;BIG POCHETTE;;
7596;BIG POCHETTE;;
7598;BIG POCHETTE;;
7831;BIG POCHETTE;;
6812;BIG POCHETTE;;
7113;BIG POCHETTE;;
7889;BIG POCHETTE;;
6811;BIG POCHETTE;;
6241;BIG POCHETTE;;
6242;BIG POCHETTE;;
6500;BIG POCHETTE;;
6452;BIG POCHETTE;;
6243;BIG POCHETTE;;
6244;BIG POCHETTE;;
7861;BIG POCHETTE;;
6449;BIG POCHETTE;;
6240;BIG POCHETTE;;
7860;BIG POCHETTE;;
7637;CABAS;;
6847;CABAS;;
7641;CABAS;;
7639;CABAS;;
7192;CABAS;;
7379;CANVA;;
6308;CANVA;;
7149;CANVA;;
7869;ECHARPE;;
7283;FERRET;;
6459;FERRET;;
6336;FERRET;;
6335;FERRET;;
7170;FOUTA;;
7171;FOUTA;;
7174;FOUTA;;
7175;FOUTA;;
7727;FOUTA;;
6379;FOUTA;;
7176;FOUTA;;
6849;FOUTA;;
7879;LETTRE;;
7162;LIGHT TOWEL;;
6792;LIGHT TW;;
7166;LIGHT TW;;
6367;LIGHT TW;;
6372;LIGHT TW;;
7165;LIGHT TW;;
6370;LIGHT TW;;
6368;LIGHT TW;;
6371;LIGHT TW;;
7866;LIGHT TW;;
7135;LIGHT TW;;
6817;LIGHT TW;;
7871;LIGHT TW;;
7873;LIGHT TW;;
7872;LIGHT TW;;
6793;LIGHT TW;;
6791;LIGHT TW;;
6789;LIGHT TW;;
6790;LIGHT TW;;
6369;LIGHT TW;;
7867;LIGHT TW;;
7177;LIGHT TW;;
7163;LIGHT TW;;
7150;LIGHT TW;;
7875;LIGHT TW;;
6373;LIGHT TW;;
7890;LIGHT TW;;
6317;MEDIUM FOLDING;;
6320;MEDIUM FOLDING;;
6318;MEDIUM FOLDING;;
6319;MEDIUM FOLDING;;
6316;MEDIUM FOLDING;;
7636;MEDIUM FOLDING;;
7885;MINI FOLDING;;
7200;MINI FOLDING;;
7029;MINI FOLDING;;
6315;MINI FOLDING;;
7884;MINI FOLDING;;
6313;MINI FOLDING;;
6314;MINI FOLDING;;
6509;MINI FOLDING;;
6508;MINI FOLDING;;
6312;MINI FOLDING;;
6807;MINI FOLDING;;
7118;MINI FOLDING;;
6507;MINI FOLDING;;
7115;MINI FOLDING;;
7886;MINI FOLDING;;
6375;PALID;;
6376;PLAID;;
6377;PLAID;;
7862;RAYE;;
7863;RAYE;;
7865;RAYE;;
7864;RAYE;;
5990;SEAU;1 BT;
7947;SEAU;1 BT;
7944;SEAU;1 BT;
7945;SEAU;1 BT;
5988;SEAU;1 BT;
5989;SEAU;1 BT;
7948;SEAU;1 BT;
5987;SEAU;1 BT;
7050;SEAU;2 BT;
5992;SEAU;2 BT;
5991;SEAU;2 BT;
6007;SEAU;ANSE;
6006;SEAU;ANSE;
6653;SEAU;BONGO;
6004;SEAU;BULLE;
6005;SEAU;BULLE;
7220;SEAU;DIAMANT;
7219;SEAU;DIAMANT;
5994;SEAU;NICE;
5995;SEAU;NICE;
5996;SEAU;NICE;
5993;SEAU;NICE;
5998;SEAU;SOBAG;
5999;SEAU;SOBAG;
5997;SEAU;SOBAG;
6001;SEAU;SOBAG;
6002;SEAU;SOBAG;
6000;SEAU;SOBAG;
6003;SEAU;SOBAG;
7907;ST;;
7783;TRIO CUSTOM;;
7687;TRIO CUSTOM;;
7507;TRIO CUSTOM;;
6063;TRIO CUSTOM;;
6021;VASQUE;ANSE;
6020;VASQUE;ANSE;
6022;VASQUE;ANSE;
6652;VASQUE;BONGO;
6023;VASQUE;BULLE;
6024;VASQUE;BULLE;
7782;VASQUE;DIAMANT;
6016;VASQUE;NICE;
6015;VASQUE;NICE;
7049;VASQUE;VELA;
6012;VASQUE;VELA;
6014;VASQUE;VELA;
6650;VASQUE;VELA;
6649;VASQUE;VELA;
6011;VASQUE;VELA;
6013;VASQUE;VELA;
6018;VASQUE;VICTORIA;
6019;VASQUE;VICTORIA;
6017;VASQUE;VICTORIA;
5981;VERRE 10 €;EN VERRE;
5956;VERRE 10 €;AIR BEACH;
5957;VERRE 10 €;AIR BEACH;
5958;VERRE 10 €;AIR BEACH;
5955;VERRE 10 €;AIR BEACH;
6654;VERRE 10 €;AIR BEACH;
7775;VERRE 10 €;BALLON;
7940;VERRE 10 €;BALLON;
7779;VERRE 10 €;BALLON;
7776;VERRE 10 €;BALLON;
7781;VERRE 10 €;BALLON;
7780;VERRE 10 €;BALLON;
7778;VERRE 10 €;BALLON;
7777;VERRE 10 €;BALLON;
6641;VERRE 10 €;BALLON;
6640;VERRE 10 €;BALLON;
7058;VERRE 10 €;;
5972;VERRE 10 €;VERRE BIERE;
7938;VERRE 10 €;;
7774;VERRE 10 €;;
5982;VERRE 10 €;EN VERRE;
5983;VERRE 10 €;EN VERRE;
5892;VERRE 10 €;MOJITO;
6829;VERRE 10 €;;
5980;VERRE 10 €;;
5979;VERRE 10 €;;
7648;VERRE 10 €;;
5968;VERRE 10 €;WHYSKY;
5969;VERRE 10 €;WHYSKY;
7914;VERRE 12 €;;
7678;VERRE 12 €;;
6932;VERRE 12 €;;
7060;VERRE 12 €;;
7915;VERRE 12 €;;
7409;VERRE 12 €;;
7397;VERRE 12 €;;
7563;VERRE 12 €;;
5977;VERRE 12 €;;
6651;VERRE 12 €;;
7047;VERRE 12 €;;
7247;VERRE 6,50 €;;
7246;VERRE 6,50 €;;
5975;VERRE 6,50 €;;
5970;VERRE 6,50 €;VERRE BIERE;
5963;VERRE 6,50 €;;
5966;VERRE 6,50 €;;
6775;VERRE 6,50 €;;
7558;VERRE 6,50 €;;
5937;VERRE 6,50 €;COCKTAIL;
5942;VERRE 6,50 €;COCKTAIL;
5941;VERRE 6,50 €;COCKTAIL;
5939;VERRE 6,50 €;COCKTAIL;
5935;VERRE 6,50 €;COCKTAIL;
5936;VERRE 6,50 €;COCKTAIL;
5938;VERRE 6,50 €;COCKTAIL;
5934;VERRE 6,50 €;COCKTAIL;
5940;VERRE 6,50 €;COCKTAIL;
5901;VERRE 6,50 €;FLUTE;
5902;VERRE 6,50 €;FLUTE;
6928;VERRE 6,50 €;;
6929;VERRE 6,50 €;;
5900;VERRE 6,50 €;FLUTE;
5906;VERRE 6,50 €;FLUTE;
5908;VERRE 6,50 €;FLUTE;
5904;VERRE 6,50 €;FLUTE;
5909;VERRE 6,50 €;FLUTE;
5905;VERRE 6,50 €;FLUTE;
5907;VERRE 6,50 €;FLUTE;
5903;VERRE 6,50 €;FLUTE;
5910;VERRE 6,50 €;FLUTE;
5899;VERRE 6,50 €;FLUTE;
7045;VERRE 6,50 €;;
5896;VERRE 6,50 €;FLUTE;
5898;VERRE 6,50 €;FLUTE;
5894;VERRE 6,50 €;FLUTE;
5895;VERRE 6,50 €;FLUTE;
5897;VERRE 6,50 €;FLUTE;
5893;VERRE 6,50 €;FLUTE;
7046;VERRE 6,50 €;;
5886;VERRE 6,50 €;MOJITO;
5890;VERRE 6,50 €;MOJITO;
5888;VERRE 6,50 €;MOJITO;
5884;VERRE 6,50 €;MOJITO;
5885;VERRE 6,50 €;MOJITO;
5887;VERRE 6,50 €;MOJITO;
5883;VERRE 6,50 €;MOJITO;
5889;VERRE 6,50 €;MOJITO;
7561;VERRE 6,50 €;;
5946;VERRE 6,50 €;MUG;
5950;VERRE 6,50 €;MUG;
5948;VERRE 6,50 €;MUG;
5944;VERRE 6,50 €;MUG;
5945;VERRE 6,50 €;MUG;
5947;VERRE 6,50 €;MUG;
5943;VERRE 6,50 €;MUG;
5949;VERRE 6,50 €;MUG;
5862;VERRE 6,50 €;VN BLANC;
5863;VERRE 6,50 €;VN BLANC;
5864;VERRE 6,50 €;VN BLANC;
6942;VERRE 6,50 €;;
7044;VERRE 6,50 €;;
5854;VERRE 6,50 €;VN BLANC;
5861;VERRE 6,50 €;VN BLANC;
5859;VERRE 6,50 €;VN BLANC;
5857;VERRE 6,50 €;VN BLANC;
5858;VERRE 6,50 €;VN BLANC;
5856;VERRE 6,50 €;VN BLANC;
5860;VERRE 6,50 €;VN BLANC;
5852;VERRE 6,50 €;VN BLANC;TRIO CUSTOM
7562;VERRE 6,50 €;;
5853;VERRE 6,50 €;VN BLANC;TRIO CUSTOM
5855;VERRE 6,50 €;VN BLANC;TRIO CUSTOM
7922;VERRE 6,50 €;;
5851;VERRE 6,50 €;VN BLANC;TRIO CUSTOM
6467;VERRE 6,50 €;;
7470;VERRE 6,50 €;;
5868;VERRE 6,50 €;VN CLEAR;
5870;VERRE 6,50 €;VN CLEAR;
5866;VERRE 6,50 €;VN CLEAR;
5867;VERRE 6,50 €;VN CLEAR;
5869;VERRE 6,50 €;VN CLEAR;
5865;VERRE 6,50 €;VN CLEAR;
5871;VERRE 6,50 €;VN CLEAR;
6469;VERRE 6,50 €;;
6465;VERRE 6,50 €;;
5872;VERRE 6,50 €;VN NOIR;
6466;VERRE 6,50 €;;
6468;VERRE 6,50 €;;
6464;VERRE 6,50 €;;
6132;VERRE 8,50 €;;
6133;VERRE 8,50 €;;
7668;VERRE 8,50 €;;
7667;VERRE 8,50 €;;
6134;VERRE 8,50 €;;
6135;VERRE 8,50 €;;
5879;VERRE 8,50 €;BK;
7469;VERRE 8,50 €;BK;
5878;VERRE 8,50 €;BK;
6933;VERRE 8,50 €;BK;TRIO CUSTOM
7053;VERRE 8,50 €;BK;TRIO CUSTOM
7054;VERRE 8,50 €;BK;TRIO CUSTOM
7052;VERRE 8,50 €;BK;TRIO CUSTOM
5880;VERRE 8,50 €;BK;TRIO CUSTOM
7143;VERRE 8,50 €;BK;TRIO CUSTOM
7771;VERRE 8,50 €;BK;TRIO CUSTOM
7051;VERRE 8,50 €;BK;TRIO CUSTOM
7773;VERRE 8,50 €;BK;TRIO CUSTOM
5877;VERRE 8,50 €;BK;
7048;VERRE 8,50 €;BK;
5876;VERRE 8,50 €;BK;
7055;VERRE 8,50 €;BK;
5874;VERRE 8,50 €;BK;TRIO CUSTOM
5875;VERRE 8,50 €;BK;TRIO CUSTOM
7056;VERRE 8,50 €;BK;TRIO CUSTOM
5873;VERRE 8,50 €;BK;TRIO CUSTOM
5965;VERRE 8,50 €;;
5967;VERRE 8,50 €;;
5971;VERRE 8,50 €;VERRE BIERE;
5978;VERRE 8,50 €;;
5953;VERRE 8,50 €;CROISIERE;
5954;VERRE 8,50 €;CROISIERE;
5951;VERRE 8,50 €;CROISIERE;
5952;VERRE 8,50 €;CROISIERE;
7916;VERRE 8,50 €;;
7917;VERRE 8,50 €;;
5891;VERRE 8,50 €;MOJITO;
5973;VERRE 8,50 €;VERRE BIERE;
6766;VERRE 8,50 €;;
7939;VERRE 8,50 €;;
7876;VERRE 8,50 €;;
7920;WALLET;;
6246;WALLET;;
7921;WALLET;;
6245;WALLET;;
6844;;;
6510;;;
6113;;;
7259;;;
6852;;;
7595;;;
7205;;;
7594;;;
6865;;;
7767;;;
7768;;;
7912;;;
7769;;;
7913;;;
7289;;;
7295;;;
6857;;;
7858;;;
7857;;;
7859;;;
7136;;;
6206;;;
6207;;;
6497;;;
6823;;BK;
6642;;BK;
6101;;;
6208;;;
7319;;;
6177;;;
7684;;;
6178;;;
7856;;;
7855;;;
7854;;;
7196;;;
7197;;;
6179;;;
6180;;;
6679;;;
6212;;;
6213;;;
7573;;;
7515;;;
6681;;;
6250;;;
6655;;;
7764;;;
6611;;;
7421;;;
7819;;;
7925;;;
7427;;;
7415;;;
6092;;;
7313;;;
6091;;;
6093;;;
6786;;;
7748;;;
6095;;;
7761;;;
7484;;;
7762;;;
7679;;;
7680;;;
6097;;;
7747;;;
6096;;;
6098;;;
7746;;;
6785;;;
7750;;;
7483;;;
6094;;;
6099;;;
6074;;;
6076;;;
6071;;;
6075;;;
6072;;;
6073;;;
6156;;;
6451;;;
6155;;;
6157;;;
6078;;;
7539;;;
7538;;;
5976;;;
6931;;;
6102;;;
6572;;;
6613;;;
7038;;;
7141;;;
7140;;;
7022;;;
7477;;;
7110;;;
7906;;;
6803;;;
6886;;;
6163;;;
7478;;;
6161;;;
6800;;;
6162;;;
6634;;;
6802;;;
6804;;;
6164;;;
6816;;;
6160;;;
6801;;;
6165;;;
7571;;;
7190;;;
7193;;;
7919;;;
7207;;;
7191;;;
6915;;;
6914;;;
6726;;;
7898;;;
7213;;;
7214;;;
7832;;;
6796;;;
6797;;;
7189;;;
6167;;;
6168;;;
7852;;;
6169;;;
6170;;;
6798;;;
6818;;;
6171;;;
6172;;;
7853;;;
7851;;;
7850;;;
7849;;;
7848;;;
7194;;;
7201;;;
7203;;;
6799;;;
7202;;;
7195;;;
7653;;;
7307;;;
6856;;;
7806;;;
7807;;;
7531;;;
6176;;;
6894;;;
6040;;;
6041;;;
7760;;;
7061;;;
6046;;;
6131;;;
7215;;;
7204;;;
6711;;;
7081;;;
6204;;;
7138;;;
7691;;;
7689;;;
7681;;;
7080;;;
7572;;;
6080;;;
6081;;;
6083;;;
6082;;;
6084;;;
6901;;;
7763;;;
6383;;;
6385;;;
6387;;;
6026;;;
6025;;;
7666;;;
7485;;;
7244;;;
7837;;;
6542;;;
7103;;;
6539;;;
7836;;;
7160;;;
6027;;;
6905;;;
7835;;;
7159;;;
6563;;;
6529;;;
6565;;;
6028;;;
7157;;;
6029;;;
6030;;;
7842;;;
6182;;;
6183;;;
6184;;;
6181;;;
7271;;;
7649;;;
7645;;;
7650;;;
7654;DEBARDEUR;;
7658;DEBARDEUR;;
7651;DEBARDEUR;;
7659;DEBARDEUR;;
6657;;;
6485;;;
6188;;;
6187;;;
6488;;;
7909;;;
6486;;;
7752;;;
7755;;;
7753;;;
7754;;;
7751;;;
6186;;;
6185;;;
6920;;;
6917;;;
7614;;;
6158;;;
6086;;;
6159;;;
6085;;;
6085;;;
6769;;;
6606;;;
6605;;;
6604;;;
7656;;;
7505;;;
7682;;;
6042;;;
7633;;;
6524;;;
7257;;;
6228;;;
7473;;;
7254;;;
7472;;;
7256;;;
6119;;;
7726;;;
7112;;;
7212;;;
6118;;;
7725;;;
6043;;;
6913;;;
7277;;;
7953;;;
6523;;;
6523;;;
6523;;;
6523;;;
6523;;;
6523;;;
6523;;;
7952;;;
6390;;;
6392;;;
6394;;;
6149;;;
6150;;;
7265;;;
6214;;;
6215;;;
6908;;;
7941;;;
6765;;;
7931;;;
7927;;;
7929;;;
7926;;;
7928;;;
7930;;;
6048;;;
6049;;;
6047;;;
6050;;;
6051;;;
6384;;;
6386;;;
6934;;;
6935;;;
6645;;;
6936;;;
6646;;;
6647;;;
6120;;;
6087;;;
6088;;;
6658;;;
6089;;;
6090;;;
6121;;;
6880;;;
7749;;;
7629;;;
6514;;;
6299;;;
7627;;;
7626;;;
7625;;;
7624;;;
6870;;;
7844;;;
7623;;;
7622;;;
7631;;;
7606;;;
6871;;;
7168;;;
7169;;;
7607;;;
7167;;;
5984;;;
7924;;;
6864;;;
6235;;;
7846;;;
7847;;;
6813;;;
6309;;;
6853;;;
7544;;;
7894;;;
7897;;;
7634;;;
7895;;;
7893;;;
7896;;;
7891;;;
7892;;;
7343;;;
6814;;;
7803;;;
7325;;;
6218;;;
6219;;;
6220;;;
6221;;;
6222;;;
6223;;;
7821;;;
7487;;;
6435;;;
6906;;;
6441;;;
7541;;;
7540;;;
7005;;;
6587;;;
6584;;;
6941;;;
6590;;;
6696;;;
7911;;;
6695;;;
7794;;;
6963;;;
7475;;;
6444;;;
7077;;;
7841;;;
6445;;;
6443;;;
7083;;;
7097;;;
7498;;;
7069;;;
6582;;;
7810;;;
6579;;;
6578;;;
7718;;;
6436;;;
6955;;;
6982;;;
6956;;;
6583;;;
6589;;;
7147;;;
7127;;;
6592;;;
6438;;;
6577;;;
7956;;;
6576;;;
6437;;;
6442;;;
7722;;;
7093;;;
7094;;;
6439;;;
7717;;;
6889;;;
7716;;;
6714;;;
6937;;;
6945;;;
6944;;;
6943;;;
6938;;;
6440;;;
7723;;;
6530;;;
7720;;;
7082;;;
6581;;;
6580;;;
6888;;;
7721;;;
7239;;;
7238;;;
6939;;;
7066;;;
6700;;;
7095;;;
6574;;;
6433;;;
7474;;;
7715;;;
6575;;;
6673;;;
6434;;;
6662;;;
7067;;;
7479;;;
6593;;;
7148;;;
7125;;;
7840;;;
6784;;;
6173;;;
6806;;;
6805;;;
6174;;;
6175;;;
6516;;;
6258;;;
6257;;;
7823;;;
7514;;;
6110;;;
6111;;;
6446;;;
6044;;;
6045;;;
7179;;;
7188;;;
7187;;;
7178;;;
7181;;;
6130;;;
7182;;;
7937;;;
6511;;;
6142;;;
7765;;;
7766;;;
6842;;;
7732;;;
7730;;;
7729;;;
7731;;;
6680;;;
7574;;;
7728;;;
7075;;;
6843;;;
7252;;;
7253;;;
6887;;;
7545;;;
7512;;;
7734;;;
7733;;;
7605;;;
7536;;;
7134;;;
6205;;;
7301;;;
6456;;;
7457;;;
7910;;;
6231;;;
6230;;;
7908;;;
7133;;;
7664;POLO;;
7657;POLO;;
7662;POLO;;
7655;POLO;;
7663;POLO;;
7661;POLO;;
7736;;;
7735;;;
6512;;;
7628;;;
7630;;;
7615;;;
6274;;;
6262;;;
6475;;;
6474;;;
6473;;;
6279;;;
6862;;;
7216;;;
6278;;;
6292;;;
6722;;;
6878;;;
6877;;;
6252;;;
7619;;;
7880;;;
7217;;;
6255;;;
6256;;;
7072;;;
7071;;;
7070;;;
7609;;;
7620;;;
6869;;;
6276;;;
7218;;;
7534;;;
7566;;;
7567;;;
7568;;;
7613;;;
7569;;;
6253;;;
6477;;;
6476;;;
6881;;;
6259;;;
6854;;;
6254;;;
6290;;;
6288;;;
6289;;;
6291;;;
6874;;;
7172;;;
6875;;;
6867;;;
7608;;;
6300;;;
6866;;;
6876;;;
6502;;;
6504;;;
6503;;;
6294;;;
7198;;;
6293;;;
7612;;;
7199;;;
6480;;;
6479;;;
6478;;;
6286;;;
6285;;;
6287;;;
6277;;;
7618;;;
6301;;;
7740;;;
6273;;;
6272;;;
6260;;;
6879;;;
6863;;;
7482;;;
6855;;;
6954;;;
7144;;;
6912;;;
6821;;;
6481;;;
6295;;;
6296;;;
7739;;;
7114;;;
7738;;;
6298;;;
6506;;;
7617;;;
6297;;;
6304;;;
6306;;;
6303;;;
6302;;;
7535;;;
6872;;;
6267;;;
6265;;;
6266;;;
6268;;;
6264;;;
7737;;;
6269;;;
6513;;;
7583;;;
6148;;;
6515;;;
6123;;;
7546;;;
5933;;;
6105;;;
6675;;;
6676;;;
7543;;;
6779;;;
7900;;;
6305;;;
7537;;;
7635;;;
6345;;;
7361;;;
6347;;;
6845;;;
6307;;;
6349;;;
6350;;;
6921;;;
6338;;;
7640;;;
6815;;;
6197;;;
6195;;;
6196;;;
6194;;;
6193;;;
6192;;;
7511;;;
7510;;;
7513;;;
7576;;;
7248;;;
6337;;;
7638;;;
7116;;;
7039;;;
7692;;;
7694;;;
7695;;;
7696;;;
7575;;;
7697;;;
6691;;;
6692;;;
7509;;;
7508;;;
7385;;;
6923;;;
7590;;;
7675;;;
7770;;;
7804;;;
7565;;;
7826;;;
7243;;;
7758;;;
7901;;;
7087;;;
7918;;;
7222;;;
7702;;;
7088;;;
6976;;;
7812;;;
7671;;;
7795;;;
7711;;;
7714;;;
7707;;;
7710;;;
7241;;;
7712;;;
6967;;;
7023;;;
7024;;;
7026;;;
7811;;;
7813;;;
7838;;;
7834;;;
7027;;;
7025;;;
6968;;;
7798;;;
7960;;;
6965;;;
7089;;;
7706;;;
6975;;;
7839;;;
7830;;;
7757;;;
7756;;;
7705;;;
7704;;;
6008;;;
7817;;;
7957;;;
7759;;;
7154;;;
7828;;;
7153;;;
6229;;;
7532;;;
7951;;;
6224;;;
6216;;;
6217;;;
6143;;;
6144;;;
6145;;;
6146;;;
7555;;VERRE 4 ?;
5928;;VERRE 4 ?;
7554;;VERRE 4 ?;
6834;;VERRE 4 ?;
6838;;VERRE 4 ?;
6835;;VERRE 4 ?;
6836;;VERRE 4 ?;
6837;;VERRE 4 ?;
5932;;VERRE 4 ?;
5929;;VERRE 4 ?;
5985;;;
5926;;VERRE 4 ?;
5927;;VERRE 4 ?;
5930;;VERRE 4 ?;
5925;;VERRE 4 ?;
7057;;VERRE 4 ?;
5931;;VERRE 4 ?;
7603;;;
7597;;;
7155;;;
7827;;;
7785;;;
7549;;;
7708;;;
7802;;;
7156;;;
7221;;;
7801;;;
7796;;;
6737;;;
7709;;;
7799;;;
6966;;;
7011;;;
6736;;;
6732;;;
6891;;;
6137;;;
6140;;;
6139;;;
6141;;;
6138;;;
7587;;;
7586;;;
7582;;;
7585;;;
7584;;;
6115;;;
6114;;;
6895;;;
6116;;;
7451;;;
7065;;;
7064;;;
7516;;;
6873;;;
7632;;;
6103;;;
6104;;;
7870;;;
6911;;VERRE 8,50 ?;
5881;;VERRE 8,50 ?;
6643;;VERRE 10 ?;
5882;;VERRE 8,50 ?;
6991;;VERRE 8,50 ?;
6910;;VERRE 10 ?;
6644;;VERRE 10 ?;
7646;;VERRE 8,50 ?;
6382;;;
6381;;;
6037;;;
6038;;;
6039;;;
6495;;VERRE 6,50 ?;
6494;;VERRE 6,50 ?;
7647;;VERRE 6,50 ?;
7556;;VERRE 6,50 ?;
5914;;VERRE 6,50 ?;
7557;;VERRE 6,50 ?;
5921;;VERRE 6,50 ?;
5923;;VERRE 6,50 ?;
5919;;VERRE 6,50 ?;
5920;;VERRE 6,50 ?;
5922;;VERRE 6,50 ?;
5918;;VERRE 6,50 ?;
5915;;VERRE 6,50 ?;
5912;;VERRE 6,50 ?;
5913;;VERRE 6,50 ?;
5916;;VERRE 6,50 ?;
5911;;VERRE 6,50 ?;
6493;;VERRE 6,50 ?;
5924;;VERRE 6,50 ?;
6491;;VERRE 6,50 ?;
7062;;VERRE 6,50 ?;
7063;;VERRE 6,50 ?;
6492;;VERRE 6,50 ?;
6490;;VERRE 6,50 ?;
5917;;VERRE 6,50 ?;
6892;;;
7660;TS BLONDE;;
7652;TS BLONDE;;
5974;;VERRE 6,50 ?;
6922;;;
6356;TOTE BAG;;
6352;TOTE BAG;;
6354;TOTE BAG;;
6396;TS FEMME;;
6397;TS FEMME;;
6398;TS FEMME;;
6399;TS FEMME;;
6400;TS FEMME;;
6401;TS FEMME;;
6402;TS FEMME;;
6403;TS FEMME;;
6404;TS FEMME;;
6405;TS FEMME;;
6406;TS FEMME;;
6415;TS HOMME;;
6416;TS HOMME;;
6417;TS HOMME;;
6418;TS HOMME;;
6419;TS HOMME;;
6420;TS HOMME;;
6422;TS MIXTE;;
6428;WIND PROOF;;
6429;WIND PROOF;;
6430;WIND PROOF;;
6431;WIND PROOF;;
6432;WIND PROOF;;
6470;TS ENFANT;;
6471;TS ENFANT;;
6472;TS ENFANT;;
3822;TS MIXTE;;
6827;DEBARDEUR;;
6828;DEBARDEUR;;
7833;MOVE;;
7818;HARIBO;;
7744;TS MIXTE;;
7745;TS MIXTE;;
7742;SWEAT;;
7743;SWEAT;;
7678;VERRE 12 €;;
6715;;;
6721;BOB;;
6724;;;
6728;;;
6918;;;
6919;BONNET;;
6925;BST;;
3926;BST;;
6926;;;
7111;TS HOMME;;
7130;SWEAT;;
7131;SWEAT;;
7132;TS HOMME;;
7164;;;
7403;;;
6351;TOTE BAG;;
6355;TOTE BAG;;
6353;TOTE BAG;;
7517;;;
7902;;;
7904;;;
7903;;;
6861;;;
7043;;;
7878;;;
7041;;;
7548;;;
7042;;;
7129;;;
7128;;;
7699;;;
7522;;;
7520;;;
7528;;;
7526;;;
7518;;;
7040;;;
7107;;;
6713;;;
6548;;;
7845;;;
6890;;;
6770;;;
7816;;;
7936;;;
7935;;;
7932;;;
7934;;;
7230;;;
7229;;;
7237;;;
7693;;;
7820;;;
7523;;;
7519;;;
7527;;;
7524;;;
7521;;;
6543;;;
6712;;;
7105;;;
7106;;;
7104;;;
6781;;;
6545;;;
7815;;;
7787;;;
7791;;;
7784;;;
7788;;;
6603;;;
6601;;;
6602;;;
7559;;VERRE 6,50 ?;
5962;;VERRE 6,50 ?;
7560;;VERRE 6,50 ?;
6839;;VERRE 6,50 ?;
6454;;VERRE 6,50 ?;
5964;;VERRE 6,50 ?;
5960;;VERRE 6,50 ?;
5961;;VERRE 6,50 ?;
6455;;VERRE 6,50 ?;
5959;;VERRE 6,50 ?;
6056;;;
6053;;;
7209;;;
6054;;;
7249;;;
6694;;TRIO CUSTOM;
6055;;;
7250;;;
6052;;;
6057;;;
6203;;;
7506;;;
7955;;;
6978;;;
6980;;;
6979;;;
7786;;;
6974;;;
7942;;;
7797;;;
7086;;;
6973;;;
6971;;;
6663;;;
7701;;;
7551;;;
7242;;;
6972;;;
7700;;;
7091;;;
7959;;;
7240;;;
7724;;;
7703;;;
7843;;;
7792;;;
7529;;;
7152;;;
7829;;;
7669;;;
6970;;;
6969;;;
6981;;;
7090;;;
7550;;;
7331;;;
6107;;;
7337;;;
6067;;;
6068;;;
6902;;;
6069;;;
6070;;;
7954;;;
6064;;;
6065;;;
6066;;;
